<?xml version="1.0" encoding="UTF-8"?>
<GenRun Id="impl_1" LaunchPart="xc7z020clg400-1" LaunchTime="1584979934">
  <File Type="BITSTR-BMM" Name="tb_all_phase_bd.bmm"/>
  <File Type="OPT-METHODOLOGY-DRC" Name="tb_all_phase_methodology_drc_opted.rpt"/>
  <File Type="INIT-TIMING" Name="tb_all_phase_timing_summary_init.rpt"/>
  <File Type="ROUTE-PWR" Name="tb_all_phase_power_routed.rpt"/>
  <File Type="PA-TCL" Name="tb_all_phase.tcl"/>
  <File Type="OPT-TIMING" Name="tb_all_phase_timing_summary_opted.rpt"/>
  <File Type="OPT-DCP" Name="tb_all_phase_opt.dcp"/>
  <File Type="ROUTE-PWR-SUM" Name="tb_all_phase_power_summary_routed.pb"/>
  <File Type="REPORTS-TCL" Name="tb_all_phase_reports.tcl"/>
  <File Type="OPT-DRC" Name="tb_all_phase_drc_opted.rpt"/>
  <File Type="OPT-HWDEF" Name="tb_all_phase.hwdef"/>
  <File Type="PWROPT-DCP" Name="tb_all_phase_pwropt.dcp"/>
  <File Type="PWROPT-DRC" Name="tb_all_phase_drc_pwropted.rpt"/>
  <File Type="PWROPT-TIMING" Name="tb_all_phase_timing_summary_pwropted.rpt"/>
  <File Type="PLACE-DCP" Name="tb_all_phase_placed.dcp"/>
  <File Type="PLACE-IO" Name="tb_all_phase_io_placed.rpt"/>
  <File Type="PLACE-CLK" Name="tb_all_phase_clock_utilization_placed.rpt"/>
  <File Type="PLACE-UTIL" Name="tb_all_phase_utilization_placed.rpt"/>
  <File Type="PLACE-UTIL-PB" Name="tb_all_phase_utilization_placed.pb"/>
  <File Type="PLACE-CTRL" Name="tb_all_phase_control_sets_placed.rpt"/>
  <File Type="PLACE-SIMILARITY" Name="tb_all_phase_incremental_reuse_placed.rpt"/>
  <File Type="PLACE-PRE-SIMILARITY" Name="tb_all_phase_incremental_reuse_pre_placed.rpt"/>
  <File Type="PLACE-TIMING" Name="tb_all_phase_timing_summary_placed.rpt"/>
  <File Type="POSTPLACE-PWROPT-DCP" Name="tb_all_phase_postplace_pwropt.dcp"/>
  <File Type="BG-BIN" Name="tb_all_phase.bin"/>
  <File Type="POSTPLACE-PWROPT-TIMING" Name="tb_all_phase_timing_summary_postplace_pwropted.rpt"/>
  <File Type="PHYSOPT-DCP" Name="tb_all_phase_physopt.dcp"/>
  <File Type="PHYSOPT-DRC" Name="tb_all_phase_drc_physopted.rpt"/>
  <File Type="BITSTR-MSK" Name="tb_all_phase.msk"/>
  <File Type="PHYSOPT-TIMING" Name="tb_all_phase_timing_summary_physopted.rpt"/>
  <File Type="ROUTE-ERROR-DCP" Name="tb_all_phase_routed_error.dcp"/>
  <File Type="ROUTE-DCP" Name="tb_all_phase_routed.dcp"/>
  <File Type="ROUTE-BLACKBOX-DCP" Name="tb_all_phase_routed_bb.dcp"/>
  <File Type="ROUTE-DRC" Name="tb_all_phase_drc_routed.rpt"/>
  <File Type="ROUTE-DRC-PB" Name="tb_all_phase_drc_routed.pb"/>
  <File Type="ROUTE-DRC-RPX" Name="tb_all_phase_drc_routed.rpx"/>
  <File Type="BITSTR-MMI" Name="tb_all_phase.mmi"/>
  <File Type="ROUTE-METHODOLOGY-DRC" Name="tb_all_phase_methodology_drc_routed.rpt"/>
  <File Type="ROUTE-METHODOLOGY-DRC-RPX" Name="tb_all_phase_methodology_drc_routed.rpx"/>
  <File Type="ROUTE-METHODOLOGY-DRC-PB" Name="tb_all_phase_methodology_drc_routed.pb"/>
  <File Type="ROUTE-PWR-RPX" Name="tb_all_phase_power_routed.rpx"/>
  <File Type="ROUTE-STATUS" Name="tb_all_phase_route_status.rpt"/>
  <File Type="ROUTE-STATUS-PB" Name="tb_all_phase_route_status.pb"/>
  <File Type="ROUTE-TIMINGSUMMARY" Name="tb_all_phase_timing_summary_routed.rpt"/>
  <File Type="ROUTE-TIMING-PB" Name="tb_all_phase_timing_summary_routed.pb"/>
  <File Type="ROUTE-TIMING-RPX" Name="tb_all_phase_timing_summary_routed.rpx"/>
  <File Type="ROUTE-SIMILARITY" Name="tb_all_phase_incremental_reuse_routed.rpt"/>
  <File Type="ROUTE-CLK" Name="tb_all_phase_clock_utilization_routed.rpt"/>
  <File Type="ROUTE-BUS-SKEW" Name="tb_all_phase_bus_skew_routed.rpt"/>
  <File Type="ROUTE-BUS-SKEW-PB" Name="tb_all_phase_bus_skew_routed.pb"/>
  <File Type="ROUTE-BUS-SKEW-RPX" Name="tb_all_phase_bus_skew_routed.rpx"/>
  <File Type="POSTROUTE-PHYSOPT-DCP" Name="tb_all_phase_postroute_physopt.dcp"/>
  <File Type="POSTROUTE-PHYSOPT-BLACKBOX-DCP" Name="tb_all_phase_postroute_physopt_bb.dcp"/>
  <File Type="POSTROUTE-PHYSOPT-TIMING" Name="tb_all_phase_timing_summary_postroute_physopted.rpt"/>
  <File Type="POSTROUTE-PHYSOPT-TIMING-PB" Name="tb_all_phase_timing_summary_postroute_physopted.pb"/>
  <File Type="POSTROUTE-PHYSOPT-TIMING-RPX" Name="tb_all_phase_timing_summary_postroute_physopted.rpx"/>
  <File Type="POSTROUTE-PHYSOPT-BUS-SKEW" Name="tb_all_phase_bus_skew_postroute_physopted.rpt"/>
  <File Type="POSTROUTE-PHYSOPT-BUS-SKEW-PB" Name="tb_all_phase_bus_skew_postroute_physopted.pb"/>
  <File Type="BG-BIT" Name="tb_all_phase.bit"/>
  <File Type="POSTROUTE-PHYSOPT-BUS-SKEW-RPX" Name="tb_all_phase_bus_skew_postroute_physopted.rpx"/>
  <File Type="BITSTR-RBT" Name="tb_all_phase.rbt"/>
  <File Type="BITSTR-NKY" Name="tb_all_phase.nky"/>
  <File Type="PDI-FILE" Name="tb_all_phase.pdi"/>
  <File Type="RCFI_FILE" Name="tb_all_phase.rcfi"/>
  <File Type="CFI_FILE" Name="tb_all_phase.cfi"/>
  <File Type="RNPI_FILE" Name="tb_all_phase.rnpi"/>
  <File Type="NPI_FILE" Name="tb_all_phase.npi"/>
  <File Type="RBD_FILE" Name="tb_all_phase.rbd"/>
  <File Type="BITSTR-LTX" Name="debug_nets.ltx"/>
  <File Type="BITSTR-LTX" Name="tb_all_phase.ltx"/>
  <File Type="BITSTR-SYSDEF" Name="tb_all_phase.sysdef"/>
  <File Type="BG-BGN" Name="tb_all_phase.bgn"/>
  <File Type="BG-DRC" Name="tb_all_phase.drc"/>
  <File Type="RDI-RDI" Name="tb_all_phase.vdi"/>
  <File Type="WBT-USG" Name="usage_statistics_webtalk.html"/>
  <FileSet Name="sources" Type="DesignSrcs" RelSrcDir="$PSRCDIR/sources_1">
    <Filter Type="Srcs"/>
    <File Path="$PPRDIR/../../src/verilog-rtl/ATAN_ROM_16.v">
      <FileInfo>
        <Attr Name="UsedIn" Val="synthesis"/>
        <Attr Name="UsedIn" Val="implementation"/>
        <Attr Name="UsedIn" Val="simulation"/>
      </FileInfo>
    </File>
    <File Path="$PPRDIR/../../src/verilog-rtl/ITERCOUNTER_16.v">
      <FileInfo>
        <Attr Name="UsedIn" Val="synthesis"/>
        <Attr Name="UsedIn" Val="implementation"/>
        <Attr Name="UsedIn" Val="simulation"/>
      </FileInfo>
    </File>
    <File Path="$PPRDIR/../../src/verilog-rtl/MODSCALE_16.v">
      <FileInfo>
        <Attr Name="UsedIn" Val="synthesis"/>
        <Attr Name="UsedIn" Val="implementation"/>
        <Attr Name="UsedIn" Val="simulation"/>
      </FileInfo>
    </File>
    <File Path="$PPRDIR/../../src/verilog-rtl/all_phase.v">
      <FileInfo>
        <Attr Name="UsedIn" Val="synthesis"/>
        <Attr Name="UsedIn" Val="implementation"/>
        <Attr Name="UsedIn" Val="simulation"/>
      </FileInfo>
    </File>
    <File Path="$PPRDIR/../../src/verilog-rtl/cordic.v">
      <FileInfo>
        <Attr Name="UsedIn" Val="synthesis"/>
        <Attr Name="UsedIn" Val="implementation"/>
        <Attr Name="UsedIn" Val="simulation"/>
      </FileInfo>
    </File>
    <File Path="$PPRDIR/../../src/verilog-rtl/cordic_calc.v">
      <FileInfo>
        <Attr Name="UsedIn" Val="synthesis"/>
        <Attr Name="UsedIn" Val="implementation"/>
        <Attr Name="UsedIn" Val="simulation"/>
      </FileInfo>
    </File>
    <File Path="$PPRDIR/../../src/verilog-rtl/cordic_control.v">
      <FileInfo>
        <Attr Name="UsedIn" Val="synthesis"/>
        <Attr Name="UsedIn" Val="implementation"/>
        <Attr Name="UsedIn" Val="simulation"/>
      </FileInfo>
    </File>
    <File Path="$PPRDIR/../../src/verilog-rtl/hilbert.v">
      <FileInfo>
        <Attr Name="UsedIn" Val="synthesis"/>
        <Attr Name="UsedIn" Val="implementation"/>
        <Attr Name="UsedIn" Val="simulation"/>
      </FileInfo>
    </File>
    <File Path="$PPRDIR/../../src/verilog-rtl/hilbert_chain.v">
      <FileInfo>
        <Attr Name="UsedIn" Val="synthesis"/>
        <Attr Name="UsedIn" Val="implementation"/>
        <Attr Name="UsedIn" Val="simulation"/>
      </FileInfo>
    </File>
    <File Path="$PPRDIR/../../src/verilog-rtl/phasediff.v">
      <FileInfo>
        <Attr Name="UsedIn" Val="synthesis"/>
        <Attr Name="UsedIn" Val="implementation"/>
        <Attr Name="UsedIn" Val="simulation"/>
      </FileInfo>
    </File>
    <File Path="$PPRDIR/../../src/verilog-rtl/phasemean.v">
      <FileInfo>
        <Attr Name="UsedIn" Val="synthesis"/>
        <Attr Name="UsedIn" Val="implementation"/>
        <Attr Name="UsedIn" Val="simulation"/>
      </FileInfo>
    </File>
    <File Path="$PPRDIR/../../src/verilog-rtl/top_cordic.v">
      <FileInfo>
        <Attr Name="UsedIn" Val="synthesis"/>
        <Attr Name="UsedIn" Val="implementation"/>
        <Attr Name="UsedIn" Val="simulation"/>
      </FileInfo>
    </File>
    <File Path="$PPRDIR/../../src/verilog-tb/tb_all_phase.v">
      <FileInfo>
        <Attr Name="UsedIn" Val="synthesis"/>
        <Attr Name="UsedIn" Val="implementation"/>
        <Attr Name="UsedIn" Val="simulation"/>
      </FileInfo>
    </File>
    <File Path="$PPRDIR/../../src/verilog-tb/tb_hilbert.v">
      <FileInfo>
        <Attr Name="AutoDisabled" Val="1"/>
        <Attr Name="UsedIn" Val="synthesis"/>
        <Attr Name="UsedIn" Val="implementation"/>
        <Attr Name="UsedIn" Val="simulation"/>
      </FileInfo>
    </File>
    <File Path="$PPRDIR/../../src/verilog-tb/tb_phasediff.v">
      <FileInfo>
        <Attr Name="AutoDisabled" Val="1"/>
        <Attr Name="UsedIn" Val="synthesis"/>
        <Attr Name="UsedIn" Val="implementation"/>
        <Attr Name="UsedIn" Val="simulation"/>
      </FileInfo>
    </File>
    <File Path="$PPRDIR/../../src/verilog-tb/tb_phasemean.v">
      <FileInfo>
        <Attr Name="AutoDisabled" Val="1"/>
        <Attr Name="UsedIn" Val="synthesis"/>
        <Attr Name="UsedIn" Val="implementation"/>
        <Attr Name="UsedIn" Val="simulation"/>
      </FileInfo>
    </File>
    <File Path="$PPRDIR/../../src/verilog-tb/tb_top_cordic.v">
      <FileInfo>
        <Attr Name="AutoDisabled" Val="1"/>
        <Attr Name="UsedIn" Val="synthesis"/>
        <Attr Name="UsedIn" Val="implementation"/>
        <Attr Name="UsedIn" Val="simulation"/>
      </FileInfo>
    </File>
    <Config>
      <Option Name="DesignMode" Val="RTL"/>
      <Option Name="TopModule" Val="tb_all_phase"/>
      <Option Name="TopAutoSet" Val="TRUE"/>
    </Config>
  </FileSet>
  <FileSet Name="constrs_in" Type="Constrs" RelSrcDir="$PSRCDIR/constrs_1">
    <Filter Type="Constrs"/>
    <Config>
      <Option Name="ConstrsType" Val="XDC"/>
    </Config>
  </FileSet>
  <FileSet Name="utils" Type="Utils" RelSrcDir="$PSRCDIR/utils_1">
    <Filter Type="Utils"/>
    <Config>
      <Option Name="TopAutoSet" Val="TRUE"/>
    </Config>
  </FileSet>
  <Strategy Version="1" Minor="2">
    <StratHandle Name="Vivado Implementation Defaults" Flow="Vivado Implementation 2019">
      <Desc>Default settings for Implementation.</Desc>
    </StratHandle>
    <Step Id="init_design"/>
    <Step Id="opt_design"/>
    <Step Id="power_opt_design"/>
    <Step Id="place_design"/>
    <Step Id="post_place_power_opt_design"/>
    <Step Id="phys_opt_design" EnableStepBool="1"/>
    <Step Id="route_design"/>
    <Step Id="post_route_phys_opt_design"/>
    <Step Id="write_bitstream"/>
  </Strategy>
</GenRun>
